seed	MR-full-R1@0.5	MR-full-R1@0.7	MR-full-mAP	MR-full-mAP@0.5	MR-full-mAP@0.75
2023	21.31	9.28	8.09	18.44	6.61
2024	22.42	9.95	8.85	19.63	7.17
2025	21.6	10.02	9.04	19.29	7.44
2026	19.15	8.69	7.85	17.62	6.36
2027	18.56	6.98	7.19	15.9	5.78
2028	22.27	10.17	9.01	19.67	7.21
2029	23.83	12.4	10.3	21.32	8.77
2030	23.09	11.14	9.21	19.94	7.21
2031	23.24	9.35	8.69	20.38	6.42
2032	20.49	8.98	8.31	18.59	6.79

summary
MR-full-R1@0.5	21.596	1.750
MR-full-R1@0.7	9.696	1.452
MR-full-mAP	8.654	0.854
MR-full-mAP@0.5	19.078	1.529
MR-full-mAP@0.75	6.976	0.807
